{"cameraMode":{"drawMode":0,"name":"Shaded","section":"Shading Mode"},"sceneLighting":true,"audioPlay":false,"sceneViewState":{"showFog":true,"showMaterialUpdate":false,"showSkybox":true,"showFlares":true,"showImageEffects":true,"showParticleSystems":true},"in2DMode":false,"pivot":{"x":-22.40545654296875,"y":9.0926513671875,"z":18.190933227539064},"rotation":{"x":0.09075368940830231,"y":-0.884044349193573,"z":0.19287700951099397,"w":0.41596612334251406},"size":92.87137603759766,"orthographic":false}